<?xml version="1.0" encoding="utf-8"?>
<config>
	<item key="game_title" 			value="Game" />
	<item key="drive_title" 		value="Driver" />
	<item key="manage_set"			value="Setting" />
	<item key="manage_idea"			value="FeedBack" />
	<item key="manage_account"		value="Change Account" />
	<item key="manage_exit"			value="Exit" />
	<item key="manage_delete"		value="Delete" />
	<item key="install"				value="Install" />
	<item key="pause"				value="Pause" />
	<item key="started"				value="Start" />
	<item key="continue"			value="Resume" />
	<item key="finish"				value="Install Finish" />
	<item key="game_plain"			value="Game Info" />
	<item key="support_equipment"	value="Support Device" />
	<item key="system"				value="System" />
	<item key="configuration"		value="Fast Config" />
	<item key="minimum"				value="Mini Config" />
	<item key="os"					value="OS" />
	<item key="processor"			value="CPU" />
	<item key="storage"				value="Momery" />
	<item key="versions"			value="DirectX Version" />
	<item key="space"				value="Disk" />
	<item key="noGame"				value="No Game Added" />
	<item key="addNoGame"			value="Please Add Game" />
	<item key="addGame"				value="Add Local Game" />
	<item key="manage_language"		value="Language"/>
	<item key="Chinese"				value="Chinese"/>
	<item key="English"				value="English"/>
	<item key="deleteSure"			value="Del Select Game"/>
	<item key="deleteLocalName"		value="Del Local Game"/>
	<item key="sure"				value="Ok"/>
	<item key="cancel"				value="Cancel"/>
	<item key="userName"			value="User Name"/>
	<item key="update"				value="Update" />
	<item key="in_game"				value="Game Starting..." />
</config>