﻿<?xml version="1.0" encoding="utf-8"?>
<language name="ch" guid="{0DAEDE3C-6B94-4a81-9A55-C304FDD69D98}">
  <context>
    <!--没有上下文的翻译-->
	<message>
      <source>add_game</source>
      <translation>添加游戏</translation>
    </message>
	<message>
      <source>select_game</source>
      <translation>选择一个程序并将其添加至您的游戏库</translation>
    </message>
	<message>
      <source>set_title</source>
      <translation>设置</translation>
    </message>
	<message>
      <source>software</source>
      <translation>|     | 程序</translation>
    </message>
	<message>
      <source>area</source>
      <translation>| 区域</translation>
    </message>
	<message>
      <source>cancel</source>
      <translation>取消</translation>
    </message>
	<message>
      <source>add_all</source>
      <translation>添加所选程序</translation>
    </message>
	<message>
      <source>cancel</source>
      <translation>取消</translation>
    </message>
	<message>
      <source>ok</source>
      <translation>确认</translation>
    </message>
	<message>
      <source>browse</source>
      <translation>浏览</translation>
    </message>
	<message>
      <source>close</source>
      <translation>关闭</translation>
    </message>
	
	<message>
      <source>your_question</source>
      <translation>您的问题（必填）</translation>
    </message>
	<message>
      <source>contact_information</source>
      <translation>联系方式（必填一项）</translation>
    </message>
	<message>
      <source>phone</source>
      <translation>手机</translation>
    </message>
	<message>
      <source>upload_pic</source>
      <translation>上传图片</translation>
    </message>
	<message>
      <source>device_in</source>
      <translation>插入设备时，自启动软件：</translation>
    </message>
	<message>
      <source>close_btn</source>
      <translation>关闭按钮设置：</translation>
    </message>
	<message>
      <source>default_download_dir</source>
      <translation>默认下载路径：</translation>
    </message>
	<message>
      <source>restore_default</source>
      <translation>恢复默认设置</translation>
    </message>
	<message>
      <source>modify</source>
      <translation>修改</translation>
    </message>
	<message>
      <source>open</source>
      <translation>打开</translation>
    </message>
	<message>
      <source>exit_program</source>
      <translation>退出程序</translation>
    </message>
	<message>
      <source>mini</source>
      <translation>最小化</translation>
    </message>
	<message>
      <source>yes</source>
      <translation>是</translation>
    </message>
	<message>
      <source>no</source>
      <translation>否</translation>
    </message>
	<message>
	  <source>set_language</source>
      <translation>设置平台使用的语言：</translation>
    </message>
	<message>
      <source>lang_chs</source>
      <translation>简体中文</translation>
    </message>
	<message>
      <source>lang_en</source>
      <translation>英文</translation>
    </message>
	<message>
      <source>driver_installing</source>
      <translation>正在安装...</translation>
    </message>
	<message>
      <source>driver_installsuccess</source>
      <translation>安装成功！</translation>
    </message>
	<message>
      <source>driver_installfail</source>
      <translation>安装失败！</translation>
    </message>
	<message>
      <source>driver_install_sucess_caption</source>
      <translation>驱动已经安装完成，需要重启电脑，是否立即重启？</translation>
    </message>
  </context>
   <context name="messagebox">
    <message>
      <source>yse</source>
      <translation>是</translation>
    </message>
	<message>
      <source>no</source>
      <translation>否</translation>
    </message>
	<message>
      <source>ok</source>
      <translation>确定</translation>
    </message>
    <message>
      <source>cancel</source>
      <translation>取消</translation>
    </message>
    <message>
      <source>retry</source>
      <translation>重试</translation>
    </message>
  </context>
</language>