<?xml version="1.0" encoding="utf-8"?>
<config>
	<item key="game_title" 			value="游戏" />
	<item key="drive_title" 		value="驱动" />
	<item key="manage_set"			value="设置" />
	<item key="manage_idea"			value="意见" />
	<item key="manage_account"		value="切换账号" />
	<item key="manage_exit"			value="退出" />
	<item key="manage_delete"		value="删除" />
	<item key="install"				value="安装" />
	<item key="pause"				value="暂停" />
	<item key="started"				value="开始" />
	<item key="continue"			value="继续" />
	<item key="finish"				value="安装完成" />
	<item key="game_plain"			value="游戏简介" />
	<item key="support_equipment"	value="支持设备" />
	<item key="system"				value="系统需求" />
	<item key="configuration"		value="推荐配置" />
	<item key="minimum"				value="最低配置" />
	<item key="os"					value="操作系统" />
	<item key="processor"			value="处理器" />
	<item key="storage"				value="内存" />
	<item key="versions"			value="DirectX版本" />
	<item key="space"				value="存储空间" />
	<item key="noGame"				value="你尚未添加任何游戏" />
	<item key="addNoGame"			value="请从游戏库或本地游戏中添加游戏" />
	<item key="addGame"				value="添加本地游戏" />
	<item key="manage_language"		value="语言设置"/>
	<item key="Chinese"				value="中文"/>
	<item key="English"				value="英文"/>
	<item key="deleteSure"			value="确定将选中的游戏删除"/>
	<item key="deleteLocalName"		value="同时删除本地文件"/>
	<item key="sure"				value="确定"/>
	<item key="cancel"				value="取消"/>
	<item key="userName"			value="用户名"/>
	<item key="update"				value="更新" />
	<item key="in_game"				value="游戏中..." />
</config>